{
	"variables": [],
	"info": {
		"name": "PARCIAL PROGRAMACION 3",
		"_postman_id": "0dac589c-8fea-e9a1-91c3-de746f37ae59",
		"description": "",
		"schema": "https://schema.getpostman.com/json/collection/v2.0.0/collection.json"
	},
	"item": [
		{
			"name": "crearUsuario",
			"request": {
				"url": {
					"raw": "http://localhost:8080/PP.avila.lucas/nexo.php?caso=crearUsuario",
					"protocol": "http",
					"host": [
						"localhost"
					],
					"port": "8080",
					"path": [
						"PP.avila.lucas",
						"nexo.php"
					],
					"query": [
						{
							"key": "caso",
							"value": "crearUsuario",
							"equals": true,
							"description": ""
						}
					],
					"variable": []
				},
				"method": "POST",
				"header": [],
				"body": {
					"mode": "formdata",
					"formdata": [
						{
							"key": "nombre",
							"value": "Hector6",
							"description": "",
							"type": "text"
						},
						{
							"key": "apellido",
							"value": "Perez",
							"description": "",
							"type": "text"
						},
						{
							"key": "email",
							"value": "hectorPere82s@tester.com.ara",
							"description": "",
							"type": "text"
						},
						{
							"key": "foto",
							"description": "",
							"type": "file",
							"src": "avatar.svg"
						}
					]
				},
				"description": ""
			},
			"response": []
		},
		{
			"name": "modificarUsuario",
			"request": {
				"url": {
					"raw": "http://localhost:8080/PP.avila.lucas/nexo.php?caso=modificarUsuario",
					"protocol": "http",
					"host": [
						"localhost"
					],
					"port": "8080",
					"path": [
						"PP.avila.lucas",
						"nexo.php"
					],
					"query": [
						{
							"key": "caso",
							"value": "modificarUsuario",
							"equals": true,
							"description": ""
						},
						{
							"key": "",
							"value": "",
							"equals": true,
							"description": "",
							"disabled": true
						}
					],
					"variable": []
				},
				"method": "POST",
				"header": [],
				"body": {
					"mode": "formdata",
					"formdata": [
						{
							"key": "nombre",
							"value": "Hector8",
							"description": "",
							"type": "text"
						},
						{
							"key": "apellido",
							"value": "Perez",
							"description": "",
							"type": "text"
						},
						{
							"key": "foto",
							"description": "",
							"type": "file",
							"src": "avatar.svg"
						},
						{
							"key": "email",
							"value": "juana@tester.com.ara",
							"description": "",
							"type": "text"
						}
					]
				},
				"description": ""
			},
			"response": []
		},
		{
			"name": "buscarUsuario",
			"request": {
				"url": {
					"raw": "http://localhost:8080/PP.avila.lucas/nexo.php?caso=buscarUsuario&apellido=PEREZ",
					"protocol": "http",
					"host": [
						"localhost"
					],
					"port": "8080",
					"path": [
						"PP.avila.lucas",
						"nexo.php"
					],
					"query": [
						{
							"key": "caso",
							"value": "buscarUsuario",
							"equals": true,
							"description": ""
						},
						{
							"key": "apellido",
							"value": "PEREZ",
							"equals": true,
							"description": ""
						}
					],
					"variable": []
				},
				"method": "GET",
				"header": [],
				"body": {
					"mode": "formdata",
					"formdata": [
						{
							"key": "",
							"value": "",
							"description": "",
							"type": "text"
						}
					]
				},
				"description": ""
			},
			"response": []
		},
		{
			"name": "listarUsuarios",
			"request": {
				"url": {
					"raw": "http://localhost:8080/PP.avila.lucas/nexo.php?caso=listarUsuarios",
					"protocol": "http",
					"host": [
						"localhost"
					],
					"port": "8080",
					"path": [
						"PP.avila.lucas",
						"nexo.php"
					],
					"query": [
						{
							"key": "caso",
							"value": "listarUsuarios",
							"equals": true,
							"description": ""
						}
					],
					"variable": []
				},
				"method": "GET",
				"header": [
					{
						"key": "Content-Type",
						"value": "application/x-www-form-urlencoded",
						"description": "",
						"disabled": true
					}
				],
				"body": {
					"mode": "formdata",
					"formdata": [
						{
							"key": "nombre",
							"value": "Hector2",
							"description": "",
							"type": "text"
						},
						{
							"key": "apellido",
							"value": "Perez2",
							"description": "",
							"type": "text"
						},
						{
							"key": "email",
							"value": "hectorPeres2@tester.com.ar",
							"description": "",
							"type": "text"
						},
						{
							"key": "foto",
							"description": "",
							"type": "file",
							"src": "avatar2.jpg",
							"value": ""
						}
					]
				},
				"description": ""
			},
			"response": []
		},
		{
			"name": "mensajesRecibidos",
			"request": {
				"url": {
					"raw": "http://localhost:8080/PP.avila.lucas/nexo.php?caso=mensajesRecibidos&emaild=a@tester.com.ara",
					"protocol": "http",
					"host": [
						"localhost"
					],
					"port": "8080",
					"path": [
						"PP.avila.lucas",
						"nexo.php"
					],
					"query": [
						{
							"key": "caso",
							"value": "mensajesRecibidos",
							"equals": true,
							"description": ""
						},
						{
							"key": "emaild",
							"value": "a@tester.com.ara",
							"equals": true,
							"description": ""
						}
					],
					"variable": []
				},
				"method": "GET",
				"header": [
					{
						"key": "Content-Type",
						"value": "application/x-www-form-urlencoded",
						"description": ""
					}
				],
				"body": {
					"mode": "formdata",
					"formdata": [
						{
							"key": "nombre",
							"value": "Hector2",
							"description": "",
							"type": "text"
						},
						{
							"key": "apellido",
							"value": "Perez2",
							"description": "",
							"type": "text"
						},
						{
							"key": "email",
							"value": "hectorPeres2@tester.com.ar",
							"description": "",
							"type": "text"
						},
						{
							"key": "foto",
							"description": "",
							"type": "file",
							"src": "avatar2.jpg",
							"value": ""
						}
					]
				},
				"description": ""
			},
			"response": []
		},
		{
			"name": "emailRemitente",
			"request": {
				"url": {
					"raw": "http://localhost:8080/PP.avila.lucas/nexo.php?caso=mensajesEnviados&emailr=re@tester.com.ara",
					"protocol": "http",
					"host": [
						"localhost"
					],
					"port": "8080",
					"path": [
						"PP.avila.lucas",
						"nexo.php"
					],
					"query": [
						{
							"key": "caso",
							"value": "mensajesEnviados",
							"equals": true,
							"description": ""
						},
						{
							"key": "emailr",
							"value": "re@tester.com.ara",
							"equals": true,
							"description": ""
						}
					],
					"variable": []
				},
				"method": "GET",
				"header": [
					{
						"key": "Content-Type",
						"value": "application/x-www-form-urlencoded",
						"description": "",
						"disabled": true
					}
				],
				"body": {
					"mode": "formdata",
					"formdata": [
						{
							"key": "nombre",
							"value": "Hector2",
							"description": "",
							"type": "text"
						},
						{
							"key": "apellido",
							"value": "Perez2",
							"description": "",
							"type": "text"
						},
						{
							"key": "email",
							"value": "hectorPeres2@tester.com.ar",
							"description": "",
							"type": "text"
						},
						{
							"key": "foto",
							"description": "",
							"type": "file",
							"src": "avatar2.jpg",
							"value": ""
						}
					]
				},
				"description": ""
			},
			"response": []
		},
		{
			"name": "cargarMensaje",
			"request": {
				"url": {
					"raw": "http://localhost:8080/PP.avila.lucas/nexo.php?caso=cargarMensaje",
					"protocol": "http",
					"host": [
						"localhost"
					],
					"port": "8080",
					"path": [
						"PP.avila.lucas",
						"nexo.php"
					],
					"query": [
						{
							"key": "caso",
							"value": "cargarMensaje",
							"equals": true,
							"description": ""
						}
					],
					"variable": []
				},
				"method": "POST",
				"header": [
					{
						"key": "Content-Type",
						"value": "application/x-www-form-urlencoded",
						"description": "",
						"disabled": true
					}
				],
				"body": {
					"mode": "formdata",
					"formdata": [
						{
							"key": "emailr",
							"value": "re@tester.com.ara",
							"description": "",
							"type": "text"
						},
						{
							"key": "emaild",
							"value": "a@tester.com.ara",
							"description": "",
							"type": "text"
						},
						{
							"key": "mensaje",
							"value": "hola",
							"description": "",
							"type": "text"
						},
						{
							"key": "foto",
							"description": "",
							"type": "file",
							"src": "avatar2.jpg"
						}
					]
				},
				"description": ""
			},
			"response": []
		}
	]
}